{
  "prepare_queue": {
    "installed": [],
    "uninstalled": []
  },
  "config_munge": {
    "files": {
      "config.xml": {
        "parents": {
          "/*": [
            {
              "xml": "<feature name=\"Device\"><param name=\"browser-package\" value=\"Device\" /></feature>",
              "count": 1
            }
          ]
        }
      }
    }
  },
  "installed_plugins": {
    "cordova-plugin-device": {
      "PACKAGE_NAME": "io.ionic.starter"
    },
    "cordova-plugin-ionic-keyboard": {
      "PACKAGE_NAME": "io.ionic.starter"
    },
    "cordova-plugin-ionic-webview": {
      "PACKAGE_NAME": "io.ionic.starter"
    },
    "cordova-plugin-splashscreen": {
      "PACKAGE_NAME": "io.ionic.starter"
    },
    "cordova-plugin-touch-id": {
      "PACKAGE_NAME": "io.ionic.starter"
    },
    "cordova-plugin-whitelist": {
      "PACKAGE_NAME": "io.ionic.starter"
    },
    "cordova-plugin-screen-orientation": {
      "PACKAGE_NAME": "io.ionic.starter"
    },
    "cordova-plugin-device-motion": {
      "PACKAGE_NAME": "io.ionic.starter"
    },
    "cordova-plugin-shake": {
      "PACKAGE_NAME": "io.ionic.starter"
    },
    "cordova-plugin-app-event": {
      "PACKAGE_NAME": "io.ionic.starter"
    },
    "de.appplant.cordova.plugin.local-notification": {
      "PACKAGE_NAME": "io.ionic.starter"
    }
  },
  "dependent_plugins": {},
  "modules": [
    {
      "file": "plugins/cordova-plugin-device/www/device.js",
      "id": "cordova-plugin-device.device",
      "pluginId": "cordova-plugin-device",
      "clobbers": [
        "device"
      ]
    },
    {
      "file": "plugins/cordova-plugin-device/src/browser/DeviceProxy.js",
      "id": "cordova-plugin-device.DeviceProxy",
      "pluginId": "cordova-plugin-device",
      "runs": true
    },
    {
      "file": "plugins/cordova-plugin-splashscreen/www/splashscreen.js",
      "id": "cordova-plugin-splashscreen.SplashScreen",
      "pluginId": "cordova-plugin-splashscreen",
      "clobbers": [
        "navigator.splashscreen"
      ]
    },
    {
      "file": "plugins/cordova-plugin-splashscreen/src/browser/SplashScreenProxy.js",
      "id": "cordova-plugin-splashscreen.SplashScreenProxy",
      "pluginId": "cordova-plugin-splashscreen",
      "runs": true
    },
    {
      "file": "plugins/cordova-plugin-touch-id/www/TouchID.js",
      "id": "cordova-plugin-touch-id.TouchID",
      "pluginId": "cordova-plugin-touch-id",
      "clobbers": [
        "window.plugins.touchid"
      ]
    },
    {
      "file": "plugins/cordova-plugin-screen-orientation/www/screenorientation.js",
      "id": "cordova-plugin-screen-orientation.screenorientation",
      "pluginId": "cordova-plugin-screen-orientation",
      "clobbers": [
        "cordova.plugins.screenorientation"
      ]
    },
    {
      "file": "plugins/cordova-plugin-device-motion/www/Acceleration.js",
      "id": "cordova-plugin-device-motion.Acceleration",
      "pluginId": "cordova-plugin-device-motion",
      "clobbers": [
        "Acceleration"
      ]
    },
    {
      "file": "plugins/cordova-plugin-device-motion/www/accelerometer.js",
      "id": "cordova-plugin-device-motion.accelerometer",
      "pluginId": "cordova-plugin-device-motion",
      "clobbers": [
        "navigator.accelerometer"
      ]
    },
    {
      "file": "plugins/cordova-plugin-device-motion/src/browser/AccelerometerProxy.js",
      "id": "cordova-plugin-device-motion.AccelerometerProxy",
      "pluginId": "cordova-plugin-device-motion",
      "runs": true
    },
    {
      "file": "plugins/cordova-plugin-shake/www/shake.js",
      "id": "cordova-plugin-shake.Shake",
      "pluginId": "cordova-plugin-shake",
      "clobbers": [
        "shake"
      ]
    },
    {
      "file": "plugins/de.appplant.cordova.plugin.local-notification/www/local-notification.js",
      "id": "de.appplant.cordova.plugin.local-notification.LocalNotification",
      "pluginId": "de.appplant.cordova.plugin.local-notification",
      "clobbers": [
        "cordova.plugins.notification.local",
        "plugin.notification.local"
      ]
    },
    {
      "file": "plugins/de.appplant.cordova.plugin.local-notification/www/local-notification-core.js",
      "id": "de.appplant.cordova.plugin.local-notification.LocalNotification.Core",
      "pluginId": "de.appplant.cordova.plugin.local-notification",
      "clobbers": [
        "cordova.plugins.notification.local.core",
        "plugin.notification.local.core"
      ]
    },
    {
      "file": "plugins/de.appplant.cordova.plugin.local-notification/www/local-notification-util.js",
      "id": "de.appplant.cordova.plugin.local-notification.LocalNotification.Util",
      "pluginId": "de.appplant.cordova.plugin.local-notification",
      "merges": [
        "cordova.plugins.notification.local.core",
        "plugin.notification.local.core"
      ]
    }
  ],
  "plugin_metadata": {
    "cordova-plugin-device": "2.0.2",
    "cordova-plugin-ionic-keyboard": "2.0.5",
    "cordova-plugin-ionic-webview": "1.2.0",
    "cordova-plugin-splashscreen": "5.0.2",
    "cordova-plugin-touch-id": "3.3.1",
    "cordova-plugin-whitelist": "1.3.3",
    "cordova-plugin-screen-orientation": "3.0.1",
    "cordova-plugin-device-motion": "2.0.1",
    "cordova-plugin-shake": "0.6.0",
    "cordova-plugin-app-event": "1.2.1",
    "de.appplant.cordova.plugin.local-notification": "0.8.5"
  }
}