{
  "prepare_queue": {
    "installed": [],
    "uninstalled": []
  },
  "config_munge": {
    "files": {
      "config.xml": {
        "parents": {
          "/*": [
            {
              "xml": "<feature name=\"TouchID\"><param name=\"ios-package\" value=\"TouchID\" /></feature>",
              "count": 1
            },
            {
              "xml": "<feature name=\"Device\"><param name=\"ios-package\" value=\"CDVDevice\" /></feature>",
              "count": 1
            },
            {
              "xml": "<feature name=\"SplashScreen\"><param name=\"ios-package\" value=\"CDVSplashScreen\" /><param name=\"onload\" value=\"true\" /></feature>",
              "count": 1
            },
            {
              "xml": "<allow-navigation href=\"http://localhost:8080/*\" />",
              "count": 1
            },
            {
              "xml": "<feature name=\"CDVWKWebViewEngine\"><param name=\"ios-package\" value=\"CDVWKWebViewEngine\" /></feature>",
              "count": 1
            },
            {
              "xml": "<preference name=\"CordovaWebViewEngine\" value=\"CDVWKWebViewEngine\" />",
              "count": 1
            },
            {
              "xml": "<feature name=\"Keyboard\"><param name=\"ios-package\" onload=\"true\" value=\"CDVIonicKeyboard\" /></feature>",
              "count": 1
            },
            {
              "xml": "<feature name=\"CDVOrientation\"><param name=\"ios-package\" value=\"CDVOrientation\" /></feature>",
              "count": 1
            },
            {
              "xml": "<feature name=\"CDVShake\"><param name=\"ios-package\" value=\"CDVShake\" /><param name=\"onload\" value=\"true\" /></feature>",
              "count": 1
            },
            {
              "xml": "<feature name=\"LocalNotification\"><param name=\"ios-package\" onload=\"true\" value=\"APPLocalNotification\" /><param name=\"onload\" value=\"true\" /></feature>",
              "count": 1
            }
          ]
        }
      },
      "*-Info.plist": {
        "parents": {
          "NSFaceIDUsageDescription": [
            {
              "xml": "<string> </string>",
              "count": 1
            }
          ]
        }
      }
    }
  },
  "installed_plugins": {
    "cordova-plugin-touch-id": {
      "FACEID_USAGE_DESCRIPTION": " ",
      "PACKAGE_NAME": "io.ionic.starter"
    },
    "cordova-plugin-whitelist": {
      "PACKAGE_NAME": "io.ionic.starter"
    },
    "cordova-plugin-device": {
      "PACKAGE_NAME": "io.ionic.starter"
    },
    "cordova-plugin-splashscreen": {
      "PACKAGE_NAME": "io.ionic.starter"
    },
    "cordova-plugin-ionic-webview": {
      "PACKAGE_NAME": "io.ionic.starter"
    },
    "cordova-plugin-ionic-keyboard": {
      "PACKAGE_NAME": "io.ionic.starter"
    },
    "cordova-plugin-screen-orientation": {
      "PACKAGE_NAME": "io.ionic.starter"
    },
    "cordova-plugin-shake": {
      "PACKAGE_NAME": "io.ionic.starter"
    },
    "cordova-plugin-app-event": {
      "PACKAGE_NAME": "io.ionic.starter"
    },
    "de.appplant.cordova.plugin.local-notification": {
      "PACKAGE_NAME": "io.ionic.starter"
    }
  },
  "dependent_plugins": {},
  "modules": [
    {
      "id": "cordova-plugin-touch-id.TouchID",
      "file": "plugins/cordova-plugin-touch-id/www/TouchID.js",
      "pluginId": "cordova-plugin-touch-id",
      "clobbers": [
        "window.plugins.touchid"
      ]
    },
    {
      "id": "cordova-plugin-device.device",
      "file": "plugins/cordova-plugin-device/www/device.js",
      "pluginId": "cordova-plugin-device",
      "clobbers": [
        "device"
      ]
    },
    {
      "id": "cordova-plugin-splashscreen.SplashScreen",
      "file": "plugins/cordova-plugin-splashscreen/www/splashscreen.js",
      "pluginId": "cordova-plugin-splashscreen",
      "clobbers": [
        "navigator.splashscreen"
      ]
    },
    {
      "id": "cordova-plugin-ionic-webview.ios-wkwebview-exec",
      "file": "plugins/cordova-plugin-ionic-webview/src/www/ios/ios-wkwebview-exec.js",
      "pluginId": "cordova-plugin-ionic-webview",
      "clobbers": [
        "cordova.exec"
      ]
    },
    {
      "id": "cordova-plugin-ionic-keyboard.keyboard",
      "file": "plugins/cordova-plugin-ionic-keyboard/www/ios/keyboard.js",
      "pluginId": "cordova-plugin-ionic-keyboard",
      "clobbers": [
        "window.Keyboard"
      ]
    },
    {
      "id": "cordova-plugin-screen-orientation.screenorientation",
      "file": "plugins/cordova-plugin-screen-orientation/www/screenorientation.js",
      "pluginId": "cordova-plugin-screen-orientation",
      "clobbers": [
        "cordova.plugins.screenorientation"
      ]
    },
    {
      "id": "cordova-plugin-shake.Shake",
      "file": "plugins/cordova-plugin-shake/www/shakeNative.js",
      "pluginId": "cordova-plugin-shake",
      "clobbers": [
        "shake"
      ]
    },
    {
      "id": "de.appplant.cordova.plugin.local-notification.LocalNotification",
      "file": "plugins/de.appplant.cordova.plugin.local-notification/www/local-notification.js",
      "pluginId": "de.appplant.cordova.plugin.local-notification",
      "clobbers": [
        "cordova.plugins.notification.local",
        "plugin.notification.local"
      ]
    },
    {
      "id": "de.appplant.cordova.plugin.local-notification.LocalNotification.Core",
      "file": "plugins/de.appplant.cordova.plugin.local-notification/www/local-notification-core.js",
      "pluginId": "de.appplant.cordova.plugin.local-notification",
      "clobbers": [
        "cordova.plugins.notification.local.core",
        "plugin.notification.local.core"
      ]
    },
    {
      "id": "de.appplant.cordova.plugin.local-notification.LocalNotification.Util",
      "file": "plugins/de.appplant.cordova.plugin.local-notification/www/local-notification-util.js",
      "pluginId": "de.appplant.cordova.plugin.local-notification",
      "merges": [
        "cordova.plugins.notification.local.core",
        "plugin.notification.local.core"
      ]
    }
  ],
  "plugin_metadata": {
    "cordova-plugin-touch-id": "3.3.1",
    "cordova-plugin-whitelist": "1.3.3",
    "cordova-plugin-device": "2.0.2",
    "cordova-plugin-splashscreen": "5.0.2",
    "cordova-plugin-ionic-webview": "1.2.0",
    "cordova-plugin-ionic-keyboard": "2.0.5",
    "cordova-plugin-screen-orientation": "3.0.1",
    "cordova-plugin-shake": "0.6.0",
    "cordova-plugin-app-event": "1.2.1",
    "de.appplant.cordova.plugin.local-notification": "0.8.5"
  }
}